Idx,Kind,T,DurField,Line
1,start,5.554,,"[silencedetect @ 000001d1ec14d600] silence_start: 5.55375"
2,end,6.299,0.746,"[silencedetect @ 000001d1ec14d600] silence_end: 6.29925 | silence_duration: 0.7455"
3,start,9.654,,"[silencedetect @ 000001d1ec14d600] silence_start: 9.653813"
4,end,11.385,1.731,"[silencedetect @ 000001d1ec14d600] silence_end: 11.38525 | silence_duration: 1.731437"
5,start,16.163,,"[silencedetect @ 000001d1ec14d600] silence_start: 16.163125"
6,end,18.315,2.152,"[silencedetect @ 000001d1ec14d600] silence_end: 18.315438 | silence_duration: 2.152312"
7,start,20.903,,"[silencedetect @ 000001d1ec14d600] silence_start: 20.902625"
8,end,21.685,0.782,"[silencedetect @ 000001d1ec14d600] silence_end: 21.68475 | silence_duration: 0.782125"
9,start,25.547,,"[silencedetect @ 000001d1ec14d600] silence_start: 25.547"
10,end,27.638,2.091,"[silencedetect @ 000001d1ec14d600] silence_end: 27.638438 | silence_duration: 2.091438"
11,start,30.168,,"[silencedetect @ 000001d1ec14d600] silence_start: 30.168375"
12,end,31.038,0.87,"[silencedetect @ 000001d1ec14d600] silence_end: 31.038187 | silence_duration: 0.869812"
13,start,34.277,,"[silencedetect @ 000001d1ec14d600] silence_start: 34.276625"
14,end,35.012,0.735,"[silencedetect @ 000001d1ec14d600] silence_end: 35.011938 | silence_duration: 0.735313"
15,start,36.878,,"[silencedetect @ 000001d1ec14d600] silence_start: 36.877938"
16,end,38.942,2.064,"[silencedetect @ 000001d1ec14d600] silence_end: 38.941812 | silence_duration: 2.063875"
17,start,41.173,,"[silencedetect @ 000001d1ec14d600] silence_start: 41.172938"
18,end,41.922,0.749,"[silencedetect @ 000001d1ec14d600] silence_end: 41.921625 | silence_duration: 0.748688"
19,start,45.783,,"[silencedetect @ 000001d1ec14d600] silence_start: 45.783313"
20,end,47.573,1.789,"[silencedetect @ 000001d1ec14d600] silence_end: 47.572625 | silence_duration: 1.789313"
21,start,52.628,,"[silencedetect @ 000001d1ec14d600] silence_start: 52.627938"
22,end,54.568,1.94,"[silencedetect @ 000001d1ec14d600] silence_end: 54.567563 | silence_duration: 1.939625"
23,start,62.979,,"[silencedetect @ 000001d1ec14d600] silence_start: 62.979312"
24,end,64.778,1.798,"[silencedetect @ 000001d1ec14d600] silence_end: 64.777625 | silence_duration: 1.798312"
25,start,66.241,,"[silencedetect @ 000001d1ec14d600] silence_start: 66.241062"
26,end,67.133,0.892,"[silencedetect @ 000001d1ec14d600] silence_end: 67.132563 | silence_duration: 0.8915"
27,start,70.987,,"[silencedetect @ 000001d1ec14d600] silence_start: 70.986812"
28,end,72.928,1.942,"[silencedetect @ 000001d1ec14d600] silence_end: 72.928375 | silence_duration: 1.941563"
29,start,76.363,,"[silencedetect @ 000001d1ec14d600] silence_start: 76.362875"
30,end,77.089,0.727,"[silencedetect @ 000001d1ec14d600] silence_end: 77.089438 | silence_duration: 0.726562"
31,start,77.377,,"[silencedetect @ 000001d1ec14d600] silence_start: 77.377375"
32,end,78.137,0.759,"[silencedetect @ 000001d1ec14d600] silence_end: 78.13675 | silence_duration: 0.759375"
33,start,83.937,,"[silencedetect @ 000001d1ec14d600] silence_start: 83.936625"
34,end,85.726,1.789,"[silencedetect @ 000001d1ec14d600] silence_end: 85.725875 | silence_duration: 1.78925"
35,start,89.521,,"[silencedetect @ 000001d1ec14d600] silence_start: 89.520938"
36,end,90.55,1.029,"[silencedetect @ 000001d1ec14d600] silence_end: 90.54975 | silence_duration: 1.028813"
37,start,96.752,,"[silencedetect @ 000001d1ec14d600] silence_start: 96.751563"
38,end,98.663,1.911,"[silencedetect @ 000001d1ec14d600] silence_end: 98.662813 | silence_duration: 1.91125"
39,start,102.858,,"[silencedetect @ 000001d1ec14d600] silence_start: 102.85775"
40,end,104.579,1.721,"[silencedetect @ 000001d1ec14d600] silence_end: 104.578812 | silence_duration: 1.721062"
41,start,109.467,,"[silencedetect @ 000001d1ec14d600] silence_start: 109.467375"
42,end,111.272,1.805,"[silencedetect @ 000001d1ec14d600] silence_end: 111.272437 | silence_duration: 1.805063"
43,start,112.355,,"[silencedetect @ 000001d1ec14d600] silence_start: 112.354687"
44,end,112.873,0.519,"[silencedetect @ 000001d1ec14d600] silence_end: 112.873188 | silence_duration: 0.5185"
45,start,116.866,,"[silencedetect @ 000001d1ec14d600] silence_start: 116.866313"
46,end,117.386,0.519,"[silencedetect @ 000001d1ec14d600] silence_end: 117.385563 | silence_duration: 0.51925"
47,start,122.359,,"[silencedetect @ 000001d1ec14d600] silence_start: 122.359437"
48,end,124.157,1.798,"[silencedetect @ 000001d1ec14d600] silence_end: 124.157188 | silence_duration: 1.79775"
49,start,131.239,,"[silencedetect @ 000001d1ec14d600] silence_start: 131.239062"
50,end,132.012,0.773,"[silencedetect @ 000001d1ec14d600] silence_end: 132.011625 | silence_duration: 0.772563"
51,start,136.749,,"[silencedetect @ 000001d1ec14d600] silence_start: 136.7485"
52,end,138.589,1.841,"[silencedetect @ 000001d1ec14d600] silence_end: 138.58925 | silence_duration: 1.84075"
53,start,140.813,,"[silencedetect @ 000001d1ec14d600] silence_start: 140.813437"
54,end,141.733,0.919,"[silencedetect @ 000001d1ec14d600] silence_end: 141.7325 | silence_duration: 0.919063"
55,start,146.298,,"[silencedetect @ 000001d1ec14d600] silence_start: 146.297562"
56,end,148.108,1.81,"[silencedetect @ 000001d1ec14d600] silence_end: 148.107812 | silence_duration: 1.81025"
57,start,156.65,,"[silencedetect @ 000001d1ec14d600] silence_start: 156.650438"
58,end,158.413,1.762,"[silencedetect @ 000001d1ec14d600] silence_end: 158.412813 | silence_duration: 1.762375"
59,start,166.353,,"[silencedetect @ 000001d1ec14d600] silence_start: 166.353125"
60,end,167.1,0.747,"[silencedetect @ 000001d1ec14d600] silence_end: 167.100375 | silence_duration: 0.74725"
61,start,171.983,,"[silencedetect @ 000001d1ec14d600] silence_start: 171.983313"
62,end,173.743,1.759,"[silencedetect @ 000001d1ec14d600] silence_end: 173.742625 | silence_duration: 1.759313"
63,start,180.56,,"[silencedetect @ 000001d1ec14d600] silence_start: 180.559875"
64,end,182.381,1.821,"[silencedetect @ 000001d1ec14d600] silence_end: 182.380812 | silence_duration: 1.820938"
65,start,184.012,,"[silencedetect @ 000001d1ec14d600] silence_start: 184.011938"
66,end,184.755,0.743,"[silencedetect @ 000001d1ec14d600] silence_end: 184.755313 | silence_duration: 0.743375"
67,start,192.791,,"[silencedetect @ 000001d1ec14d600] silence_start: 192.790687"
68,end,194.581,1.791,"[silencedetect @ 000001d1ec14d600] silence_end: 194.581437 | silence_duration: 1.79075"
69,start,206.182,,"[silencedetect @ 000001d1ec14d600] silence_start: 206.181875"
70,end,207.9,1.719,"[silencedetect @ 000001d1ec14d600] silence_end: 207.900438 | silence_duration: 1.718562"
71,start,212.261,,"[silencedetect @ 000001d1ec14d600] silence_start: 212.261125"
72,end,213.037,0.775,"[silencedetect @ 000001d1ec14d600] silence_end: 213.0365 | silence_duration: 0.775375"
73,start,215.153,,"[silencedetect @ 000001d1ec14d600] silence_start: 215.153375"
74,end,216.869,1.716,"[silencedetect @ 000001d1ec14d600] silence_end: 216.869125 | silence_duration: 1.71575"
75,start,223.668,,"[silencedetect @ 000001d1ec14d600] silence_start: 223.66825"
76,end,224.398,0.73,"[silencedetect @ 000001d1ec14d600] silence_end: 224.398063 | silence_duration: 0.729812"
77,start,228.123,,"[silencedetect @ 000001d1ec14d600] silence_start: 228.122813"
78,end,229.861,1.738,"[silencedetect @ 000001d1ec14d600] silence_end: 229.860688 | silence_duration: 1.737875"
79,start,235.208,,"[silencedetect @ 000001d1ec14d600] silence_start: 235.2075"
80,end,236.95,1.743,"[silencedetect @ 000001d1ec14d600] silence_end: 236.95 | silence_duration: 1.7425"
81,start,239.709,,"[silencedetect @ 000001d1ec14d600] silence_start: 239.709125"
82,end,240.232,0.523,"[silencedetect @ 000001d1ec14d600] silence_end: 240.231938 | silence_duration: 0.522813"
83,start,243.318,,"[silencedetect @ 000001d1ec14d600] silence_start: 243.317688"
84,end,245.162,1.844,"[silencedetect @ 000001d1ec14d600] silence_end: 245.161625 | silence_duration: 1.843938"
85,start,250.506,,"[silencedetect @ 000001d1ec14d600] silence_start: 250.506375"
86,end,252.399,1.893,"[silencedetect @ 000001d1ec14d600] silence_end: 252.398938 | silence_duration: 1.892563"
87,start,259.273,,"[silencedetect @ 000001d1ec14d600] silence_start: 259.272938"
88,end,260.999,1.726,"[silencedetect @ 000001d1ec14d600] silence_end: 260.999062 | silence_duration: 1.726125"
89,start,263.385,,"[silencedetect @ 000001d1ec14d600] silence_start: 263.384625"
90,end,264.233,0.848,"[silencedetect @ 000001d1ec14d600] silence_end: 264.232687 | silence_duration: 0.848063"
91,start,268.595,,"[silencedetect @ 000001d1ec14d600] silence_start: 268.594625"
92,end,270.334,1.74,"[silencedetect @ 000001d1ec14d600] silence_end: 270.334437 | silence_duration: 1.739812"
93,start,277.251,,"[silencedetect @ 000001d1ec14d600] silence_start: 277.250812"
94,end,278.991,1.74,"[silencedetect @ 000001d1ec14d600] silence_end: 278.991 | silence_duration: 1.740187"
95,start,283.242,,"[silencedetect @ 000001d1ec14d600] silence_start: 283.241562"
96,end,284.987,1.746,"[silencedetect @ 000001d1ec14d600] silence_end: 284.987375 | silence_duration: 1.745812"
97,start,289.781,,"[silencedetect @ 000001d1ec14d600] silence_start: 289.781313"
98,end,290.532,0.751,"[silencedetect @ 000001d1ec14d600] silence_end: 290.532062 | silence_duration: 0.75075"
99,start,294.845,,"[silencedetect @ 000001d1ec14d600] silence_start: 294.844688"
100,end,296.625,1.78,"[silencedetect @ 000001d1ec14d600] silence_end: 296.624813 | silence_duration: 1.780125"
101,start,300.101,,"[silencedetect @ 000001d1ec14d600] silence_start: 300.10075"
102,end,300.616,0.515,"[silencedetect @ 000001d1ec14d600] silence_end: 300.615625 | silence_duration: 0.514875"
103,start,303.083,,"[silencedetect @ 000001d1ec14d600] silence_start: 303.083"
104,end,304.989,1.906,"[silencedetect @ 000001d1ec14d600] silence_end: 304.988563 | silence_duration: 1.905563"
105,start,309.81,,"[silencedetect @ 000001d1ec14d600] silence_start: 309.810125"
106,end,310.573,0.763,"[silencedetect @ 000001d1ec14d600] silence_end: 310.573188 | silence_duration: 0.763062"
107,start,314.079,,"[silencedetect @ 000001d1ec14d600] silence_start: 314.078625"
108,end,315.864,1.785,"[silencedetect @ 000001d1ec14d600] silence_end: 315.864062 | silence_duration: 1.785438"
109,start,321.03,,"[silencedetect @ 000001d1ec14d600] silence_start: 321.029688"
110,end,322.797,1.767,"[silencedetect @ 000001d1ec14d600] silence_end: 322.7965 | silence_duration: 1.766813"
111,start,327.253,,"[silencedetect @ 000001d1ec14d600] silence_start: 327.253375"
112,end,329.235,1.982,"[silencedetect @ 000001d1ec14d600] silence_end: 329.234938 | silence_duration: 1.981563"
113,start,333.529,,"[silencedetect @ 000001d1ec14d600] silence_start: 333.52925"
114,end,334.38,0.85,"[silencedetect @ 000001d1ec14d600] silence_end: 334.379563 | silence_duration: 0.850313"
115,start,339.125,,"[silencedetect @ 000001d1ec14d600] silence_start: 339.1245"
116,end,341.147,2.023,"[silencedetect @ 000001d1ec14d600] silence_end: 341.147063 | silence_duration: 2.022563"
117,start,342.337,,"[silencedetect @ 000001d1ec14d600] silence_start: 342.336938"
118,end,343.14,0.803,"[silencedetect @ 000001d1ec14d600] silence_end: 343.14 | silence_duration: 0.803063"
119,start,350.884,,"[silencedetect @ 000001d1ec14d600] silence_start: 350.884063"
120,end,352.949,2.065,"[silencedetect @ 000001d1ec14d600] silence_end: 352.949375 | silence_duration: 2.065313"
121,start,354.955,,"[silencedetect @ 000001d1ec14d600] silence_start: 354.955375"
122,end,355.763,0.808,"[silencedetect @ 000001d1ec14d600] silence_end: 355.763062 | silence_duration: 0.807688"
123,start,358.503,,"[silencedetect @ 000001d1ec14d600] silence_start: 358.50325"
124,end,359.313,0.809,"[silencedetect @ 000001d1ec14d600] silence_end: 359.312625 | silence_duration: 0.809375"
125,start,363.191,,"[silencedetect @ 000001d1ec14d600] silence_start: 363.19075"
126,end,365.211,2.02,"[silencedetect @ 000001d1ec14d600] silence_end: 365.210813 | silence_duration: 2.020062"
127,start,367.276,,"[silencedetect @ 000001d1ec14d600] silence_start: 367.27575"
128,end,368.1,0.824,"[silencedetect @ 000001d1ec14d600] silence_end: 368.100188 | silence_duration: 0.824438"
129,start,374.967,,"[silencedetect @ 000001d1ec14d600] silence_start: 374.966938"
130,end,376.752,1.785,"[silencedetect @ 000001d1ec14d600] silence_end: 376.752187 | silence_duration: 1.78525"
131,start,380.674,,"[silencedetect @ 000001d1ec14d600] silence_start: 380.67425"
132,end,382.538,1.863,"[silencedetect @ 000001d1ec14d600] silence_end: 382.537625 | silence_duration: 1.863375"
133,start,386.279,,"[silencedetect @ 000001d1ec14d600] silence_start: 386.278625"
134,end,387.148,0.869,"[silencedetect @ 000001d1ec14d600] silence_end: 387.147625 | silence_duration: 0.869"
135,start,388.671,,"[silencedetect @ 000001d1ec14d600] silence_start: 388.671063"
136,end,389.253,0.582,"[silencedetect @ 000001d1ec14d600] silence_end: 389.253062 | silence_duration: 0.582"
137,start,390.615,,"[silencedetect @ 000001d1ec14d600] silence_start: 390.614813"
138,end,392.394,1.779,"[silencedetect @ 000001d1ec14d600] silence_end: 392.394063 | silence_duration: 1.77925"
139,start,395.004,,"[silencedetect @ 000001d1ec14d600] silence_start: 395.003562"
140,end,395.781,0.778,"[silencedetect @ 000001d1ec14d600] silence_end: 395.78125 | silence_duration: 0.777687"
141,start,397.622,,"[silencedetect @ 000001d1ec14d600] silence_start: 397.622125"
142,end,399.445,1.823,"[silencedetect @ 000001d1ec14d600] silence_end: 399.445 | silence_duration: 1.822875"
143,start,404.059,,"[silencedetect @ 000001d1ec14d600] silence_start: 404.059375"
144,end,405.897,1.837,"[silencedetect @ 000001d1ec14d600] silence_end: 405.896625 | silence_duration: 1.83725"
145,start,409.029,,"[silencedetect @ 000001d1ec14d600] silence_start: 409.028937"
146,end,409.55,0.521,"[silencedetect @ 000001d1ec14d600] silence_end: 409.550313 | silence_duration: 0.521375"
147,start,414.045,,"[silencedetect @ 000001d1ec14d600] silence_start: 414.045125"
148,end,415.867,1.822,"[silencedetect @ 000001d1ec14d600] silence_end: 415.866875 | silence_duration: 1.82175"
149,start,419.712,,"[silencedetect @ 000001d1ec14d600] silence_start: 419.711563"
150,end,421.472,1.76,"[silencedetect @ 000001d1ec14d600] silence_end: 421.471875 | silence_duration: 1.760312"
151,start,424.598,,"[silencedetect @ 000001d1ec14d600] silence_start: 424.598063"
152,end,426.357,1.759,"[silencedetect @ 000001d1ec14d600] silence_end: 426.356688 | silence_duration: 1.758625"
153,start,427.935,,"[silencedetect @ 000001d1ec14d600] silence_start: 427.935063"
154,end,428.445,0.51,"[silencedetect @ 000001d1ec14d600] silence_end: 428.44525 | silence_duration: 0.510188"
155,start,434.588,,"[silencedetect @ 000001d1ec14d600] silence_start: 434.58825"
156,end,436.319,1.73,"[silencedetect @ 000001d1ec14d600] silence_end: 436.318688 | silence_duration: 1.730438"
157,start,438.636,,"[silencedetect @ 000001d1ec14d600] silence_start: 438.636375"
158,end,439.145,0.508,"[silencedetect @ 000001d1ec14d600] silence_end: 439.144813 | silence_duration: 0.508437"
159,start,444.31,,"[silencedetect @ 000001d1ec14d600] silence_start: 444.30975"
160,end,446.314,2.004,"[silencedetect @ 000001d1ec14d600] silence_end: 446.314188 | silence_duration: 2.004437"
161,start,449.831,,"[silencedetect @ 000001d1ec14d600] silence_start: 449.830688"
162,end,450.578,0.747,"[silencedetect @ 000001d1ec14d600] silence_end: 450.577875 | silence_duration: 0.747188"
163,start,456.798,,"[silencedetect @ 000001d1ec14d600] silence_start: 456.797563"
164,end,458.698,1.9,"[silencedetect @ 000001d1ec14d600] silence_end: 458.697688 | silence_duration: 1.900125"
165,start,463.752,,"[silencedetect @ 000001d1ec14d600] silence_start: 463.751625"
166,end,464.363,0.611,"[silencedetect @ 000001d1ec14d600] silence_end: 464.362813 | silence_duration: 0.611187"
167,start,466.237,,"[silencedetect @ 000001d1ec14d600] silence_start: 466.237437"
168,end,468.133,1.895,"[silencedetect @ 000001d1ec14d600] silence_end: 468.132563 | silence_duration: 1.895125"
169,start,473.69,,"[silencedetect @ 000001d1ec14d600] silence_start: 473.689625"
170,end,475.445,1.755,"[silencedetect @ 000001d1ec14d600] silence_end: 475.445063 | silence_duration: 1.755437"
171,start,477.084,,"[silencedetect @ 000001d1ec14d600] silence_start: 477.083875"
172,end,477.801,0.717,"[silencedetect @ 000001d1ec14d600] silence_end: 477.801 | silence_duration: 0.717125"
173,start,481.117,,"[silencedetect @ 000001d1ec14d600] silence_start: 481.117"
174,end,482.864,1.747,"[silencedetect @ 000001d1ec14d600] silence_end: 482.864188 | silence_duration: 1.747188"
175,start,487.898,,"[silencedetect @ 000001d1ec14d600] silence_start: 487.89775"
176,end,489.697,1.799,"[silencedetect @ 000001d1ec14d600] silence_end: 489.696625 | silence_duration: 1.798875"
177,start,492.682,,"[silencedetect @ 000001d1ec14d600] silence_start: 492.682313"
178,end,494.569,1.887,"[silencedetect @ 000001d1ec14d600] silence_end: 494.569 | silence_duration: 1.886688"
179,start,497.442,,"[silencedetect @ 000001d1ec14d600] silence_start: 497.442313"
180,end,498.231,0.789,"[silencedetect @ 000001d1ec14d600] silence_end: 498.23125 | silence_duration: 0.788938"
181,start,500.592,,"[silencedetect @ 000001d1ec14d600] silence_start: 500.591688"
182,end,502.412,1.82,"[silencedetect @ 000001d1ec14d600] silence_end: 502.411688 | silence_duration: 1.82"
183,start,510.919,,"[silencedetect @ 000001d1ec14d600] silence_start: 510.918688"
184,end,512.639,1.72,"[silencedetect @ 000001d1ec14d600] silence_end: 512.638563 | silence_duration: 1.719875"
185,start,516.086,,"[silencedetect @ 000001d1ec14d600] silence_start: 516.08625"
186,end,517.877,1.791,"[silencedetect @ 000001d1ec14d600] silence_end: 517.877438 | silence_duration: 1.791187"
187,start,523.264,,"[silencedetect @ 000001d1ec14d600] silence_start: 523.263937"
188,end,525.091,1.827,"[silencedetect @ 000001d1ec14d600] silence_end: 525.090875 | silence_duration: 1.826938"
189,start,527.039,,"[silencedetect @ 000001d1ec14d600] silence_start: 527.0385"
190,end,527.797,0.758,"[silencedetect @ 000001d1ec14d600] silence_end: 527.796625 | silence_duration: 0.758125"
191,start,534.399,,"[silencedetect @ 000001d1ec14d600] silence_start: 534.3985"
192,end,536.197,1.798,"[silencedetect @ 000001d1ec14d600] silence_end: 536.196937 | silence_duration: 1.798438"
193,start,544.094,,"[silencedetect @ 000001d1ec14d600] silence_start: 544.094125"
194,end,544.621,0.527,"[silencedetect @ 000001d1ec14d600] silence_end: 544.620688 | silence_duration: 0.526563"
195,start,546.529,,"[silencedetect @ 000001d1ec14d600] silence_start: 546.529375"
196,end,548.476,1.947,"[silencedetect @ 000001d1ec14d600] silence_end: 548.475875 | silence_duration: 1.9465"
197,start,553.144,,"[silencedetect @ 000001d1ec14d600] silence_start: 553.143875"
198,end,553.901,0.757,"[silencedetect @ 000001d1ec14d600] silence_end: 553.900875 | silence_duration: 0.757"
199,start,556.897,,"[silencedetect @ 000001d1ec14d600] silence_start: 556.8965"
200,end,558.626,1.729,"[silencedetect @ 000001d1ec14d600] silence_end: 558.625875 | silence_duration: 1.729375"
201,start,561.746,,"[silencedetect @ 000001d1ec14d600] silence_start: 561.746188"
202,end,562.494,0.748,"[silencedetect @ 000001d1ec14d600] silence_end: 562.494188 | silence_duration: 0.748"
203,start,567.002,,"[silencedetect @ 000001d1ec14d600] silence_start: 567.002375"
204,end,568.745,1.742,"[silencedetect @ 000001d1ec14d600] silence_end: 568.744688 | silence_duration: 1.742312"
205,start,573.718,,"[silencedetect @ 000001d1ec14d600] silence_start: 573.718313"
206,end,575.442,1.724,"[silencedetect @ 000001d1ec14d600] silence_end: 575.442188 | silence_duration: 1.723875"
207,start,584.211,,"[silencedetect @ 000001d1ec14d600] silence_start: 584.210812"
208,end,586.056,1.845,"[silencedetect @ 000001d1ec14d600] silence_end: 586.056063 | silence_duration: 1.84525"
209,start,590.513,,"[silencedetect @ 000001d1ec14d600] silence_start: 590.513063"
210,end,591.109,0.596,"[silencedetect @ 000001d1ec14d600] silence_end: 591.109063 | silence_duration: 0.596"
211,start,595.96,,"[silencedetect @ 000001d1ec14d600] silence_start: 595.960375"
212,end,597.937,1.977,"[silencedetect @ 000001d1ec14d600] silence_end: 597.937437 | silence_duration: 1.977062"
213,start,599.355,,"[silencedetect @ 000001d1ec14d600] silence_start: 599.354812"
214,end,600.103,0.748,"[silencedetect @ 000001d1ec14d600] silence_end: 600.102875 | silence_duration: 0.748062"
215,start,603.164,,"[silencedetect @ 000001d1ec14d600] silence_start: 603.16375"
216,end,603.679,0.515,"[silencedetect @ 000001d1ec14d600] silence_end: 603.678562 | silence_duration: 0.514813"
217,start,607.925,,"[silencedetect @ 000001d1ec14d600] silence_start: 607.925"
218,end,609.712,1.787,"[silencedetect @ 000001d1ec14d600] silence_end: 609.712437 | silence_duration: 1.787438"
219,start,610.538,,"[silencedetect @ 000001d1ec14d600] silence_start: 610.538188"
220,end,611.316,0.777,"[silencedetect @ 000001d1ec14d600] silence_end: 611.3155 | silence_duration: 0.777312"
221,start,615.964,,"[silencedetect @ 000001d1ec14d600] silence_start: 615.964438"
222,end,617.748,1.783,"[silencedetect @ 000001d1ec14d600] silence_end: 617.747562 | silence_duration: 1.783125"
223,start,620.906,,"[silencedetect @ 000001d1ec14d600] silence_start: 620.905562"
224,end,621.432,0.526,"[silencedetect @ 000001d1ec14d600] silence_end: 621.43175 | silence_duration: 0.526188"
225,start,623.08,,"[silencedetect @ 000001d1ec14d600] silence_start: 623.080187"
226,end,624.896,1.815,"[silencedetect @ 000001d1ec14d600] silence_end: 624.895562 | silence_duration: 1.815375"
227,start,629.76,,"[silencedetect @ 000001d1ec14d600] silence_start: 629.760188"
228,end,630.281,0.521,"[silencedetect @ 000001d1ec14d600] silence_end: 630.281 | silence_duration: 0.520813"
229,start,632.488,,"[silencedetect @ 000001d1ec14d600] silence_start: 632.487938"
230,end,634.392,1.904,"[silencedetect @ 000001d1ec14d600] silence_end: 634.391687 | silence_duration: 1.90375"
231,start,637.613,,"[silencedetect @ 000001d1ec14d600] silence_start: 637.612813"
232,end,638.113,0.5,"[silencedetect @ 000001d1ec14d600] silence_end: 638.113 | silence_duration: 0.500188"
233,start,641.013,,"[silencedetect @ 000001d1ec14d600] silence_start: 641.013438"
234,end,641.754,0.741,"[silencedetect @ 000001d1ec14d600] silence_end: 641.754063 | silence_duration: 0.740625"
235,start,647.162,,"[silencedetect @ 000001d1ec14d600] silence_start: 647.162063"
236,end,648.868,1.706,"[silencedetect @ 000001d1ec14d600] silence_end: 648.868187 | silence_duration: 1.706125"
237,start,651.937,,"[silencedetect @ 000001d1ec14d600] silence_start: 651.937063"
238,end,653.616,1.679,"[silencedetect @ 000001d1ec14d600] silence_end: 653.615813 | silence_duration: 1.67875"
239,start,656.759,,"[silencedetect @ 000001d1ec14d600] silence_start: 656.75925"
240,end,658.629,1.87,"[silencedetect @ 000001d1ec14d600] silence_end: 658.629 | silence_duration: 1.86975"
241,start,661.584,,"[silencedetect @ 000001d1ec14d600] silence_start: 661.584"
242,end,663.338,1.754,"[silencedetect @ 000001d1ec14d600] silence_end: 663.337688 | silence_duration: 1.753688"
243,start,667.46,,"[silencedetect @ 000001d1ec14d600] silence_start: 667.460438"
244,end,668.251,0.79,"[silencedetect @ 000001d1ec14d600] silence_end: 668.25075 | silence_duration: 0.790312"
245,start,672.443,,"[silencedetect @ 000001d1ec14d600] silence_start: 672.4425"
246,end,674.203,1.761,"[silencedetect @ 000001d1ec14d600] silence_end: 674.203375 | silence_duration: 1.760875"
247,start,679.235,,"[silencedetect @ 000001d1ec14d600] silence_start: 679.235188"
248,end,680.068,0.833,"[silencedetect @ 000001d1ec14d600] silence_end: 680.068437 | silence_duration: 0.83325"
249,start,685.85,,"[silencedetect @ 000001d1ec14d600] silence_start: 685.850437"
250,end,687.6,1.749,"[silencedetect @ 000001d1ec14d600] silence_end: 687.59975 | silence_duration: 1.749313"
251,start,691.785,,"[silencedetect @ 000001d1ec14d600] silence_start: 691.784562"
252,end,693.581,1.797,"[silencedetect @ 000001d1ec14d600] silence_end: 693.581375 | silence_duration: 1.796813"
253,start,699.036,,"[silencedetect @ 000001d1ec14d600] silence_start: 699.035875"
254,end,700.823,1.787,"[silencedetect @ 000001d1ec14d600] silence_end: 700.82325 | silence_duration: 1.787375"
255,start,705.745,,"[silencedetect @ 000001d1ec14d600] silence_start: 705.745375"
256,end,707.478,1.733,"[silencedetect @ 000001d1ec14d600] silence_end: 707.477938 | silence_duration: 1.732563"
257,start,713.327,,"[silencedetect @ 000001d1ec14d600] silence_start: 713.32725"
258,end,714.104,0.777,"[silencedetect @ 000001d1ec14d600] silence_end: 714.104 | silence_duration: 0.77675"
259,start,717.473,,"[silencedetect @ 000001d1ec14d600] silence_start: 717.473438"
260,end,719.205,1.731,"[silencedetect @ 000001d1ec14d600] silence_end: 719.204563 | silence_duration: 1.731125"
261,start,723.992,,"[silencedetect @ 000001d1ec14d600] silence_start: 723.991938"
262,end,724.512,0.52,"[silencedetect @ 000001d1ec14d600] silence_end: 724.512187 | silence_duration: 0.52025"
263,start,728.204,,"[silencedetect @ 000001d1ec14d600] silence_start: 728.203813"
264,end,729.985,1.781,"[silencedetect @ 000001d1ec14d600] silence_end: 729.984812 | silence_duration: 1.781"
265,start,733.795,,"[silencedetect @ 000001d1ec14d600] silence_start: 733.795062"
266,end,734.659,0.864,"[silencedetect @ 000001d1ec14d600] silence_end: 734.659063 | silence_duration: 0.864"
267,start,738.476,,"[silencedetect @ 000001d1ec14d600] silence_start: 738.475937"
268,end,740.413,1.937,"[silencedetect @ 000001d1ec14d600] silence_end: 740.412875 | silence_duration: 1.936937"
269,start,745.541,,"[silencedetect @ 000001d1ec14d600] silence_start: 745.541063"
270,end,746.328,0.787,"[silencedetect @ 000001d1ec14d600] silence_end: 746.327688 | silence_duration: 0.786625"
271,start,748.549,,"[silencedetect @ 000001d1ec14d600] silence_start: 748.549062"
272,end,750.266,1.717,"[silencedetect @ 000001d1ec14d600] silence_end: 750.265625 | silence_duration: 1.716562"
273,start,754.336,,"[silencedetect @ 000001d1ec14d600] silence_start: 754.335688"
274,end,755.111,0.775,"[silencedetect @ 000001d1ec14d600] silence_end: 755.111 | silence_duration: 0.775313"
275,start,758.077,,"[silencedetect @ 000001d1ec14d600] silence_start: 758.077375"
276,end,759.806,1.728,"[silencedetect @ 000001d1ec14d600] silence_end: 759.805625 | silence_duration: 1.72825"
277,start,762.009,,"[silencedetect @ 000001d1ec14d600] silence_start: 762.009063"
278,end,762.756,0.747,"[silencedetect @ 000001d1ec14d600] silence_end: 762.755937 | silence_duration: 0.746875"
279,start,765.719,,"[silencedetect @ 000001d1ec14d600] silence_start: 765.719438"
280,end,767.474,1.754,"[silencedetect @ 000001d1ec14d600] silence_end: 767.473625 | silence_duration: 1.754188"
281,start,772.763,,"[silencedetect @ 000001d1ec14d600] silence_start: 772.7625"
282,end,774.498,1.736,"[silencedetect @ 000001d1ec14d600] silence_end: 774.498312 | silence_duration: 1.735812"
283,start,779.15,,"[silencedetect @ 000001d1ec14d600] silence_start: 779.1495"
284,end,780.918,1.768,"[silencedetect @ 000001d1ec14d600] silence_end: 780.917875 | silence_duration: 1.768375"
285,start,784.407,,"[silencedetect @ 000001d1ec14d600] silence_start: 784.407063"
286,end,785.236,0.829,"[silencedetect @ 000001d1ec14d600] silence_end: 785.236 | silence_duration: 0.828937"
287,start,787.548,,"[silencedetect @ 000001d1ec14d600] silence_start: 787.547625"
288,end,789.34,1.792,"[silencedetect @ 000001d1ec14d600] silence_end: 789.339687 | silence_duration: 1.792063"
289,start,793.266,,"[silencedetect @ 000001d1ec14d600] silence_start: 793.265875"
290,end,794.029,0.763,"[silencedetect @ 000001d1ec14d600] silence_end: 794.028937 | silence_duration: 0.763062"
291,start,797.256,,"[silencedetect @ 000001d1ec14d600] silence_start: 797.255625"
292,end,799,1.744,"[silencedetect @ 000001d1ec14d600] silence_end: 798.999688 | silence_duration: 1.744063"
293,start,806.458,,"[silencedetect @ 000001d1ec14d600] silence_start: 806.458313"
294,end,808.211,1.752,"[silencedetect @ 000001d1ec14d600] silence_end: 808.21075 | silence_duration: 1.752438"
295,start,814.009,,"[silencedetect @ 000001d1ec14d600] silence_start: 814.008688"
296,end,814.824,0.815,"[silencedetect @ 000001d1ec14d600] silence_end: 814.8235 | silence_duration: 0.814813"
297,start,817.969,,"[silencedetect @ 000001d1ec14d600] silence_start: 817.969438"
298,end,819.686,1.716,"[silencedetect @ 000001d1ec14d600] silence_end: 819.685687 | silence_duration: 1.71625"
299,start,822.057,,"[silencedetect @ 000001d1ec14d600] silence_start: 822.056938"
300,end,822.601,0.544,"[silencedetect @ 000001d1ec14d600] silence_end: 822.600625 | silence_duration: 0.543687"
301,start,828.587,,"[silencedetect @ 000001d1ec14d600] silence_start: 828.586688"
302,end,830.424,1.837,"[silencedetect @ 000001d1ec14d600] silence_end: 830.423563 | silence_duration: 1.836875"
303,start,830.652,,"[silencedetect @ 000001d1ec14d600] silence_start: 830.651687"
304,end,831.439,0.788,"[silencedetect @ 000001d1ec14d600] silence_end: 831.439188 | silence_duration: 0.7875"
305,start,836.75,,"[silencedetect @ 000001d1ec14d600] silence_start: 836.7495"
306,end,838.552,1.802,"[silencedetect @ 000001d1ec14d600] silence_end: 838.551563 | silence_duration: 1.802063"
307,start,848.5,,"[silencedetect @ 000001d1ec14d600] silence_start: 848.499625"
308,end,850.241,1.742,"[silencedetect @ 000001d1ec14d600] silence_end: 850.241313 | silence_duration: 1.741688"
309,start,858.89,,"[silencedetect @ 000001d1ec14d600] silence_start: 858.88975"
310,end,860.615,1.725,"[silencedetect @ 000001d1ec14d600] silence_end: 860.614625 | silence_duration: 1.724875"
311,start,867.539,,"[silencedetect @ 000001d1ec14d600] silence_start: 867.539375"
312,end,869.325,1.786,"[silencedetect @ 000001d1ec14d600] silence_end: 869.325 | silence_duration: 1.785625"
313,start,872.166,,"[silencedetect @ 000001d1ec14d600] silence_start: 872.166187"
314,end,872.859,0.693,"[silencedetect @ 000001d1ec14d600] silence_end: 872.859438 | silence_duration: 0.69325"
315,start,875.422,,"[silencedetect @ 000001d1ec14d600] silence_start: 875.421687"
316,end,877.187,1.766,"[silencedetect @ 000001d1ec14d600] silence_end: 877.187375 | silence_duration: 1.765688"
317,start,878.282,,"[silencedetect @ 000001d1ec14d600] silence_start: 878.281813"
318,end,879.029,0.748,"[silencedetect @ 000001d1ec14d600] silence_end: 879.029375 | silence_duration: 0.747563"
319,start,881.276,,"[silencedetect @ 000001d1ec14d600] silence_start: 881.276187"
320,end,882.102,0.826,"[silencedetect @ 000001d1ec14d600] silence_end: 882.102438 | silence_duration: 0.82625"
321,start,883.997,,"[silencedetect @ 000001d1ec14d600] silence_start: 883.9965"
322,end,884.722,0.726,"[silencedetect @ 000001d1ec14d600] silence_end: 884.722313 | silence_duration: 0.725812"
323,start,888.178,,"[silencedetect @ 000001d1ec14d600] silence_start: 888.177875"
324,end,889.908,1.73,"[silencedetect @ 000001d1ec14d600] silence_end: 889.908063 | silence_duration: 1.730187"
325,start,895.523,,"[silencedetect @ 000001d1ec14d600] silence_start: 895.523188"
326,end,896.277,0.754,"[silencedetect @ 000001d1ec14d600] silence_end: 896.277312 | silence_duration: 0.754125"
327,start,900.002,,"[silencedetect @ 000001d1ec14d600] silence_start: 900.002438"
328,end,900.832,0.83,"[silencedetect @ 000001d1ec14d600] silence_end: 900.832188 | silence_duration: 0.82975"
329,start,902.184,,"[silencedetect @ 000001d1ec14d600] silence_start: 902.183938"
330,end,903.965,1.781,"[silencedetect @ 000001d1ec14d600] silence_end: 903.964625 | silence_duration: 1.780687"
331,start,907.373,,"[silencedetect @ 000001d1ec14d600] silence_start: 907.37325"
332,end,909.105,1.732,"[silencedetect @ 000001d1ec14d600] silence_end: 909.104875 | silence_duration: 1.731625"
333,start,913.765,,"[silencedetect @ 000001d1ec14d600] silence_start: 913.764688"
334,end,914.276,0.511,"[silencedetect @ 000001d1ec14d600] silence_end: 914.275875 | silence_duration: 0.511188"
335,start,916.752,,"[silencedetect @ 000001d1ec14d600] silence_start: 916.752438"
336,end,918.484,1.732,"[silencedetect @ 000001d1ec14d600] silence_end: 918.484438 | silence_duration: 1.732"
337,start,923.675,,"[silencedetect @ 000001d1ec14d600] silence_start: 923.674562"
338,end,924.457,0.782,"[silencedetect @ 000001d1ec14d600] silence_end: 924.456563 | silence_duration: 0.782"
339,start,929.944,,"[silencedetect @ 000001d1ec14d600] silence_start: 929.944062"
340,end,931.924,1.98,"[silencedetect @ 000001d1ec14d600] silence_end: 931.924438 | silence_duration: 1.980375"
341,start,939.688,,"[silencedetect @ 000001d1ec14d600] silence_start: 939.68775"
342,end,941.452,1.764,"[silencedetect @ 000001d1ec14d600] silence_end: 941.451625 | silence_duration: 1.763875"
343,start,944.082,,"[silencedetect @ 000001d1ec14d600] silence_start: 944.081937"
344,end,944.681,0.599,"[silencedetect @ 000001d1ec14d600] silence_end: 944.680563 | silence_duration: 0.598625"
345,start,948,,"[silencedetect @ 000001d1ec14d600] silence_start: 947.9995"
346,end,949.797,1.798,"[silencedetect @ 000001d1ec14d600] silence_end: 949.797063 | silence_duration: 1.797562"
347,start,952.103,,"[silencedetect @ 000001d1ec14d600] silence_start: 952.102625"
348,end,952.845,0.742,"[silencedetect @ 000001d1ec14d600] silence_end: 952.844875 | silence_duration: 0.74225"
349,start,959.218,,"[silencedetect @ 000001d1ec14d600] silence_start: 959.217562"
350,end,960.952,1.734,"[silencedetect @ 000001d1ec14d600] silence_end: 960.951813 | silence_duration: 1.73425"
351,start,965.809,,"[silencedetect @ 000001d1ec14d600] silence_start: 965.809188"
352,end,966.554,0.744,"[silencedetect @ 000001d1ec14d600] silence_end: 966.5535 | silence_duration: 0.744313"
353,start,970.089,,"[silencedetect @ 000001d1ec14d600] silence_start: 970.089125"
354,end,972.004,1.915,"[silencedetect @ 000001d1ec14d600] silence_end: 972.00375 | silence_duration: 1.914625"
355,start,980.089,,"[silencedetect @ 000001d1ec14d600] silence_start: 980.089187"
356,end,981.836,1.747,"[silencedetect @ 000001d1ec14d600] silence_end: 981.836437 | silence_duration: 1.74725"
357,start,988.978,,"[silencedetect @ 000001d1ec14d600] silence_start: 988.978438"
358,end,990.713,1.735,"[silencedetect @ 000001d1ec14d600] silence_end: 990.713062 | silence_duration: 1.734625"
359,start,997.319,,"[silencedetect @ 000001d1ec14d600] silence_start: 997.318875"
360,end,998.157,0.838,"[silencedetect @ 000001d1ec14d600] silence_end: 998.156813 | silence_duration: 0.837938"
361,start,1002.309,,"[silencedetect @ 000001d1ec14d600] silence_start: 1002.308938"
362,end,1004.117,1.808,"[silencedetect @ 000001d1ec14d600] silence_end: 1004.117188 | silence_duration: 1.80825"
363,start,1009.079,,"[silencedetect @ 000001d1ec14d600] silence_start: 1009.079187"
364,end,1009.797,0.718,"[silencedetect @ 000001d1ec14d600] silence_end: 1009.797188 | silence_duration: 0.718"
365,start,1017.383,,"[silencedetect @ 000001d1ec14d600] silence_start: 1017.383438"
366,end,1019.198,1.814,"[silencedetect @ 000001d1ec14d600] silence_end: 1019.1975 | silence_duration: 1.814063"
367,start,1023.267,,"[silencedetect @ 000001d1ec14d600] silence_start: 1023.26675"
368,end,1024.112,0.846,"[silencedetect @ 000001d1ec14d600] silence_end: 1024.112312 | silence_duration: 0.845562"
369,start,1029.524,,"[silencedetect @ 000001d1ec14d600] silence_start: 1029.52375"
370,end,1031.343,1.819,"[silencedetect @ 000001d1ec14d600] silence_end: 1031.343 | silence_duration: 1.81925"
371,start,1038.146,,"[silencedetect @ 000001d1ec14d600] silence_start: 1038.146125"
372,end,1038.731,0.585,"[silencedetect @ 000001d1ec14d600] silence_end: 1038.730875 | silence_duration: 0.58475"
373,start,1042.372,,"[silencedetect @ 000001d1ec14d600] silence_start: 1042.371813"
374,end,1044.144,1.773,"[silencedetect @ 000001d1ec14d600] silence_end: 1044.144375 | silence_duration: 1.772563"
375,start,1047.419,,"[silencedetect @ 000001d1ec14d600] silence_start: 1047.419"
376,end,1048.243,0.824,"[silencedetect @ 000001d1ec14d600] silence_end: 1048.24275 | silence_duration: 0.82375"
377,start,1052.258,,"[silencedetect @ 000001d1ec14d600] silence_start: 1052.258"
378,end,1054.122,1.864,"[silencedetect @ 000001d1ec14d600] silence_end: 1054.121875 | silence_duration: 1.863875"
379,start,1061.268,,"[silencedetect @ 000001d1ec14d600] silence_start: 1061.2675"
380,end,1063.069,1.802,"[silencedetect @ 000001d1ec14d600] silence_end: 1063.06925 | silence_duration: 1.80175"
381,start,1068.968,,"[silencedetect @ 000001d1ec14d600] silence_start: 1068.96825"
382,end,1069.694,0.726,"[silencedetect @ 000001d1ec14d600] silence_end: 1069.694062 | silence_duration: 0.725812"
383,start,1073.325,,"[silencedetect @ 000001d1ec14d600] silence_start: 1073.324813"
384,end,1075.079,1.754,"[silencedetect @ 000001d1ec14d600] silence_end: 1075.078563 | silence_duration: 1.75375"
385,start,1080.188,,"[silencedetect @ 000001d1ec14d600] silence_start: 1080.18825"
386,end,1080.93,0.742,"[silencedetect @ 000001d1ec14d600] silence_end: 1080.93 | silence_duration: 0.74175"
387,start,1082.723,,"[silencedetect @ 000001d1ec14d600] silence_start: 1082.723"
388,end,1084.602,1.879,"[silencedetect @ 000001d1ec14d600] silence_end: 1084.602437 | silence_duration: 1.879438"
389,start,1088.719,,"[silencedetect @ 000001d1ec14d600] silence_start: 1088.719063"
390,end,1089.462,0.743,"[silencedetect @ 000001d1ec14d600] silence_end: 1089.462313 | silence_duration: 0.74325"
391,start,1092.137,,"[silencedetect @ 000001d1ec14d600] silence_start: 1092.136937"
392,end,1093.872,1.735,"[silencedetect @ 000001d1ec14d600] silence_end: 1093.871625 | silence_duration: 1.734687"
393,start,1099.12,,"[silencedetect @ 000001d1ec14d600] silence_start: 1099.120375"
394,end,1101.154,2.033,"[silencedetect @ 000001d1ec14d600] silence_end: 1101.1535 | silence_duration: 2.033125"
395,start,1111.735,,"[silencedetect @ 000001d1ec14d600] silence_start: 1111.735312"
396,end,1113.629,1.894,"[silencedetect @ 000001d1ec14d600] silence_end: 1113.629125 | silence_duration: 1.893813"
397,start,1115.699,,"[silencedetect @ 000001d1ec14d600] silence_start: 1115.698813"
398,end,1116.475,0.776,"[silencedetect @ 000001d1ec14d600] silence_end: 1116.475125 | silence_duration: 0.776312"
399,start,1120.236,,"[silencedetect @ 000001d1ec14d600] silence_start: 1120.236187"
400,end,1121.956,1.72,"[silencedetect @ 000001d1ec14d600] silence_end: 1121.956312 | silence_duration: 1.720125"
401,start,1132.023,,"[silencedetect @ 000001d1ec14d600] silence_start: 1132.023125"
402,end,1133.76,1.737,"[silencedetect @ 000001d1ec14d600] silence_end: 1133.759875 | silence_duration: 1.73675"
403,start,1141.243,,"[silencedetect @ 000001d1ec14d600] silence_start: 1141.243"
404,end,1143.007,1.764,"[silencedetect @ 000001d1ec14d600] silence_end: 1143.006938 | silence_duration: 1.763937"
405,start,1154.757,,"[silencedetect @ 000001d1ec14d600] silence_start: 1154.757188"
406,end,1156.541,1.784,"[silencedetect @ 000001d1ec14d600] silence_end: 1156.540937 | silence_duration: 1.78375"
407,start,1160.03,,"[silencedetect @ 000001d1ec14d600] silence_start: 1160.03"
408,end,1161.808,1.778,"[silencedetect @ 000001d1ec14d600] silence_end: 1161.8075 | silence_duration: 1.7775"
409,start,1171.062,,"[silencedetect @ 000001d1ec14d600] silence_start: 1171.062375"
410,end,1172.96,1.897,"[silencedetect @ 000001d1ec14d600] silence_end: 1172.959812 | silence_duration: 1.897438"
411,start,1175.007,,"[silencedetect @ 000001d1ec14d600] silence_start: 1175.00675"
412,end,1175.789,0.782,"[silencedetect @ 000001d1ec14d600] silence_end: 1175.788937 | silence_duration: 0.782188"
413,start,1182.105,,"[silencedetect @ 000001d1ec14d600] silence_start: 1182.104687"
414,end,1183.892,1.787,"[silencedetect @ 000001d1ec14d600] silence_end: 1183.891562 | silence_duration: 1.786875"
415,start,1190.331,,"[silencedetect @ 000001d1ec14d600] silence_start: 1190.330563"
416,end,1192.057,1.726,"[silencedetect @ 000001d1ec14d600] silence_end: 1192.056625 | silence_duration: 1.726063"
417,start,1199.791,,"[silencedetect @ 000001d1ec14d600] silence_start: 1199.791438"
418,end,1201.541,1.75,"[silencedetect @ 000001d1ec14d600] silence_end: 1201.541062 | silence_duration: 1.749625"
419,start,1208.443,,"[silencedetect @ 000001d1ec14d600] silence_start: 1208.44325"
420,end,1210.194,1.75,"[silencedetect @ 000001d1ec14d600] silence_end: 1210.193625 | silence_duration: 1.750375"
421,start,1218.001,,"[silencedetect @ 000001d1ec14d600] silence_start: 1218.001375"
422,end,1218.559,0.558,"[silencedetect @ 000001d1ec14d600] silence_end: 1218.559062 | silence_duration: 0.557688"
423,start,1220.549,,"[silencedetect @ 000001d1ec14d600] silence_start: 1220.549"
424,end,1222.304,1.755,"[silencedetect @ 000001d1ec14d600] silence_end: 1222.303562 | silence_duration: 1.754563"
425,start,1226.739,,"[silencedetect @ 000001d1ec14d600] silence_start: 1226.738687"
426,end,1228.713,1.974,"[silencedetect @ 000001d1ec14d600] silence_end: 1228.71275 | silence_duration: 1.974063"
427,start,1237.707,,"[silencedetect @ 000001d1ec14d600] silence_start: 1237.707"
428,end,1239.466,1.759,"[silencedetect @ 000001d1ec14d600] silence_end: 1239.466375 | silence_duration: 1.759375"
429,start,1242.994,,"[silencedetect @ 000001d1ec14d600] silence_start: 1242.994375"
430,end,1244.743,1.749,"[silencedetect @ 000001d1ec14d600] silence_end: 1244.742937 | silence_duration: 1.748563"
431,start,1249.1,,"[silencedetect @ 000001d1ec14d600] silence_start: 1249.099688"
432,end,1250.81,1.71,"[silencedetect @ 000001d1ec14d600] silence_end: 1250.810125 | silence_duration: 1.710438"
433,start,1253.099,,"[silencedetect @ 000001d1ec14d600] silence_start: 1253.09925"
434,end,1253.836,0.736,"[silencedetect @ 000001d1ec14d600] silence_end: 1253.8355 | silence_duration: 0.73625"
435,start,1258.724,,"[silencedetect @ 000001d1ec14d600] silence_start: 1258.723875"
436,end,1260.49,1.766,"[silencedetect @ 000001d1ec14d600] silence_end: 1260.489875 | silence_duration: 1.766"
437,start,1266.478,,"[silencedetect @ 000001d1ec14d600] silence_start: 1266.4775"
438,end,1268.23,1.752,"[silencedetect @ 000001d1ec14d600] silence_end: 1268.229687 | silence_duration: 1.752188"
439,start,1273.731,,"[silencedetect @ 000001d1ec14d600] silence_start: 1273.730563"
440,end,1274.448,0.718,"[silencedetect @ 000001d1ec14d600] silence_end: 1274.448437 | silence_duration: 0.717875"
441,start,1277.919,,"[silencedetect @ 000001d1ec14d600] silence_start: 1277.919"
442,end,1279.643,1.724,"[silencedetect @ 000001d1ec14d600] silence_end: 1279.643063 | silence_duration: 1.724063"
443,start,1282.472,,"[silencedetect @ 000001d1ec14d600] silence_start: 1282.472"
444,end,1284.206,1.734,"[silencedetect @ 000001d1ec14d600] silence_end: 1284.2055 | silence_duration: 1.7335"
445,start,1293.389,,"[silencedetect @ 000001d1ec14d600] silence_start: 1293.388563"
446,end,1295.189,1.801,"[silencedetect @ 000001d1ec14d600] silence_end: 1295.189312 | silence_duration: 1.80075"
447,start,1301.635,,"[silencedetect @ 000001d1ec14d600] silence_start: 1301.634875"
448,end,1303.543,1.908,"[silencedetect @ 000001d1ec14d600] silence_end: 1303.543 | silence_duration: 1.908125"
449,start,1306.762,,"[silencedetect @ 000001d1ec14d600] silence_start: 1306.761875"
450,end,1307.491,0.729,"[silencedetect @ 000001d1ec14d600] silence_end: 1307.491062 | silence_duration: 0.729187"
451,start,1311.116,,"[silencedetect @ 000001d1ec14d600] silence_start: 1311.116062"
452,end,1313.149,2.033,"[silencedetect @ 000001d1ec14d600] silence_end: 1313.148625 | silence_duration: 2.032563"
453,start,1321.058,,"[silencedetect @ 000001d1ec14d600] silence_start: 1321.0575"
454,end,1323.07,2.013,"[silencedetect @ 000001d1ec14d600] silence_end: 1323.070062 | silence_duration: 2.012563"
455,start,1329.929,,"[silencedetect @ 000001d1ec14d600] silence_start: 1329.929437"
456,end,1332.108,2.179,"[silencedetect @ 000001d1ec14d600] silence_end: 1332.108313 | silence_duration: 2.178875"
457,start,1336.522,,"[silencedetect @ 000001d1ec14d600] silence_start: 1336.521937"
458,end,1337.182,0.66,"[silencedetect @ 000001d1ec14d600] silence_end: 1337.1815 | silence_duration: 0.659563"
459,start,1340.732,,"[silencedetect @ 000001d1ec14d600] silence_start: 1340.732438"
460,end,1341.325,0.593,"[silencedetect @ 000001d1ec14d600] silence_end: 1341.325125 | silence_duration: 0.592688"
461,start,1343.793,,"[silencedetect @ 000001d1ec14d600] silence_start: 1343.793437"
462,end,1345.621,1.827,"[silencedetect @ 000001d1ec14d600] silence_end: 1345.620625 | silence_duration: 1.827187"
463,start,1348.005,,"[silencedetect @ 000001d1ec14d600] silence_start: 1348.005312"
464,end,1348.603,0.598,"[silencedetect @ 000001d1ec14d600] silence_end: 1348.603063 | silence_duration: 0.59775"
465,start,1354.122,,"[silencedetect @ 000001d1ec14d600] silence_start: 1354.121562"
466,end,1356.102,1.98,"[silencedetect @ 000001d1ec14d600] silence_end: 1356.10175 | silence_duration: 1.980187"
467,start,1361.299,,"[silencedetect @ 000001d1ec14d600] silence_start: 1361.299125"
468,end,1362.056,0.757,"[silencedetect @ 000001d1ec14d600] silence_end: 1362.056313 | silence_duration: 0.757188"
469,start,1365.668,,"[silencedetect @ 000001d1ec14d600] silence_start: 1365.668125"
470,end,1367.445,1.777,"[silencedetect @ 000001d1ec14d600] silence_end: 1367.445125 | silence_duration: 1.777"
471,start,1375.555,,"[silencedetect @ 000001d1ec14d600] silence_start: 1375.554625"
472,end,1377.266,1.712,"[silencedetect @ 000001d1ec14d600] silence_end: 1377.266125 | silence_duration: 1.7115"
473,start,1385.272,,"[silencedetect @ 000001d1ec14d600] silence_start: 1385.272438"
474,end,1387,1.728,"[silencedetect @ 000001d1ec14d600] silence_end: 1387.000188 | silence_duration: 1.72775"
475,start,1393.167,,"[silencedetect @ 000001d1ec14d600] silence_start: 1393.16675"
476,end,1394.909,1.742,"[silencedetect @ 000001d1ec14d600] silence_end: 1394.908625 | silence_duration: 1.741875"
477,start,1399.367,,"[silencedetect @ 000001d1ec14d600] silence_start: 1399.366688"
478,end,1401.142,1.776,"[silencedetect @ 000001d1ec14d600] silence_end: 1401.142313 | silence_duration: 1.775625"
479,start,1409.06,,"[silencedetect @ 000001d1ec14d600] silence_start: 1409.0595"
480,end,1410.84,1.781,"[silencedetect @ 000001d1ec14d600] silence_end: 1410.84025 | silence_duration: 1.78075"
481,start,1417.135,,"[silencedetect @ 000001d1ec14d600] silence_start: 1417.135438"
482,end,1417.904,0.769,"[silencedetect @ 000001d1ec14d600] silence_end: 1417.903937 | silence_duration: 0.7685"
483,start,1421.883,,"[silencedetect @ 000001d1ec14d600] silence_start: 1421.882875"
484,end,1423.655,1.772,"[silencedetect @ 000001d1ec14d600] silence_end: 1423.654875 | silence_duration: 1.772"
485,start,1428.062,,"[silencedetect @ 000001d1ec14d600] silence_start: 1428.061625"
486,end,1429.808,1.746,"[silencedetect @ 000001d1ec14d600] silence_end: 1429.8075 | silence_duration: 1.745875"
487,start,1432.572,,"[silencedetect @ 000001d1ec14d600] silence_start: 1432.572375"
488,end,1434.297,1.725,"[silencedetect @ 000001d1ec14d600] silence_end: 1434.29725 | silence_duration: 1.724875"
489,start,1440.399,,"[silencedetect @ 000001d1ec14d600] silence_start: 1440.399187"
490,end,1442.498,2.099,"[silencedetect @ 000001d1ec14d600] silence_end: 1442.497938 | silence_duration: 2.09875"
491,start,1448.707,,"[silencedetect @ 000001d1ec14d600] silence_start: 1448.707375"
492,end,1450.844,2.136,"[silencedetect @ 000001d1ec14d600] silence_end: 1450.843813 | silence_duration: 2.136437"
493,start,1457.583,,"[silencedetect @ 000001d1ec14d600] silence_start: 1457.583375"
494,end,1459.801,2.218,"[silencedetect @ 000001d1ec14d600] silence_end: 1459.801375 | silence_duration: 2.218"
495,start,1462.97,,"[silencedetect @ 000001d1ec14d600] silence_start: 1462.969625"
496,end,1463.572,0.602,"[silencedetect @ 000001d1ec14d600] silence_end: 1463.571563 | silence_duration: 0.601938"
497,start,1466.781,,"[silencedetect @ 000001d1ec14d600] silence_start: 1466.780563"
498,end,1468.58,1.799,"[silencedetect @ 000001d1ec14d600] silence_end: 1468.58 | silence_duration: 1.799438"
499,start,1469.899,,"[silencedetect @ 000001d1ec14d600] silence_start: 1469.898625"
500,end,1470.725,0.826,"[silencedetect @ 000001d1ec14d600] silence_end: 1470.725 | silence_duration: 0.826375"
501,start,1474.057,,"[silencedetect @ 000001d1ec14d600] silence_start: 1474.056875"
502,end,1476.089,2.032,"[silencedetect @ 000001d1ec14d600] silence_end: 1476.088625 | silence_duration: 2.03175"
503,start,1477.965,,"[silencedetect @ 000001d1ec14d600] silence_start: 1477.964563"
504,end,1479.813,1.849,"[silencedetect @ 000001d1ec14d600] silence_end: 1479.813312 | silence_duration: 1.84875"
505,start,1482.891,,"[silencedetect @ 000001d1ec14d600] silence_start: 1482.891437"
506,end,1483.602,0.711,"[silencedetect @ 000001d1ec14d600] silence_end: 1483.602125 | silence_duration: 0.710688"
507,start,1486.91,,"[silencedetect @ 000001d1ec14d600] silence_start: 1486.910063"
508,end,1488.723,1.812,"[silencedetect @ 000001d1ec14d600] silence_end: 1488.7225 | silence_duration: 1.812438"
509,start,1493.501,,"[silencedetect @ 000001d1ec14d600] silence_start: 1493.501062"
510,end,1494.251,0.75,"[silencedetect @ 000001d1ec14d600] silence_end: 1494.250937 | silence_duration: 0.749875"
511,start,1498.294,,"[silencedetect @ 000001d1ec14d600] silence_start: 1498.293813"
512,end,1500.034,1.74,"[silencedetect @ 000001d1ec14d600] silence_end: 1500.03425 | silence_duration: 1.740438"
513,start,1503.199,,"[silencedetect @ 000001d1ec14d600] silence_start: 1503.198875"
514,end,1503.935,0.736,"[silencedetect @ 000001d1ec14d600] silence_end: 1503.93475 | silence_duration: 0.735875"
515,start,1508.824,,"[silencedetect @ 000001d1ec14d600] silence_start: 1508.82375"
516,end,1510.552,1.728,"[silencedetect @ 000001d1ec14d600] silence_end: 1510.551625 | silence_duration: 1.727875"
517,start,1513.654,,"[silencedetect @ 000001d1ec14d600] silence_start: 1513.653937"
518,end,1514.401,0.747,"[silencedetect @ 000001d1ec14d600] silence_end: 1514.401375 | silence_duration: 0.747437"
519,start,1518.344,,"[silencedetect @ 000001d1ec14d600] silence_start: 1518.34425"
520,end,1520.128,1.784,"[silencedetect @ 000001d1ec14d600] silence_end: 1520.12775 | silence_duration: 1.7835"
521,start,1522.939,,"[silencedetect @ 000001d1ec14d600] silence_start: 1522.938562"
522,end,1523.746,0.808,"[silencedetect @ 000001d1ec14d600] silence_end: 1523.746437 | silence_duration: 0.807875"
523,start,1525.236,,"[silencedetect @ 000001d1ec14d600] silence_start: 1525.236312"
524,end,1527.017,1.78,"[silencedetect @ 000001d1ec14d600] silence_end: 1527.016562 | silence_duration: 1.78025"
525,start,1531.049,,"[silencedetect @ 000001d1ec14d600] silence_start: 1531.048563"
526,end,1531.633,0.584,"[silencedetect @ 000001d1ec14d600] silence_end: 1531.632625 | silence_duration: 0.584063"
527,start,1534.454,,"[silencedetect @ 000001d1ec14d600] silence_start: 1534.453875"
528,end,1536.73,2.276,"[silencedetect @ 000001d1ec14d600] silence_end: 1536.729562 | silence_duration: 2.275688"
529,start,1540.356,,"[silencedetect @ 000001d1ec14d600] silence_start: 1540.3555"
530,end,1541.165,0.81,"[silencedetect @ 000001d1ec14d600] silence_end: 1541.165438 | silence_duration: 0.809937"
531,start,1544.003,,"[silencedetect @ 000001d1ec14d600] silence_start: 1544.002875"
532,end,1546.055,2.052,"[silencedetect @ 000001d1ec14d600] silence_end: 1546.055063 | silence_duration: 2.052188"
533,start,1550.493,,"[silencedetect @ 000001d1ec14d600] silence_start: 1550.492813"
534,end,1552.567,2.074,"[silencedetect @ 000001d1ec14d600] silence_end: 1552.566812 | silence_duration: 2.074"
535,start,1560.2,,"[silencedetect @ 000001d1ec14d600] silence_start: 1560.200125"
536,end,1561.962,1.762,"[silencedetect @ 000001d1ec14d600] silence_end: 1561.962375 | silence_duration: 1.76225"
537,start,1569.462,,"[silencedetect @ 000001d1ec14d600] silence_start: 1569.461563"
538,end,1571.253,1.792,"[silencedetect @ 000001d1ec14d600] silence_end: 1571.253125 | silence_duration: 1.791562"
539,start,1578.911,,"[silencedetect @ 000001d1ec14d600] silence_start: 1578.911313"
540,end,1580.713,1.801,"[silencedetect @ 000001d1ec14d600] silence_end: 1580.712688 | silence_duration: 1.801375"
541,start,1588.802,,"[silencedetect @ 000001d1ec14d600] silence_start: 1588.80225"
542,end,1590.692,1.89,"[silencedetect @ 000001d1ec14d600] silence_end: 1590.69175 | silence_duration: 1.8895"
543,start,1596.278,,"[silencedetect @ 000001d1ec14d600] silence_start: 1596.278125"
544,end,1598.015,1.736,"[silencedetect @ 000001d1ec14d600] silence_end: 1598.0145 | silence_duration: 1.736375"
545,start,1603.484,,"[silencedetect @ 000001d1ec14d600] silence_start: 1603.483813"
546,end,1604.02,0.536,"[silencedetect @ 000001d1ec14d600] silence_end: 1604.019937 | silence_duration: 0.536125"
547,start,1605.966,,"[silencedetect @ 000001d1ec14d600] silence_start: 1605.96625"
548,end,1606.471,0.504,"[silencedetect @ 000001d1ec14d600] silence_end: 1606.470687 | silence_duration: 0.504437"
549,start,1607.868,,"[silencedetect @ 000001d1ec14d600] silence_start: 1607.867937"
550,end,1609.622,1.754,"[silencedetect @ 000001d1ec14d600] silence_end: 1609.621813 | silence_duration: 1.753875"
551,start,1614.137,,"[silencedetect @ 000001d1ec14d600] silence_start: 1614.136688"
552,end,1615.934,1.797,"[silencedetect @ 000001d1ec14d600] silence_end: 1615.933688 | silence_duration: 1.797"
553,start,1620.34,,"[silencedetect @ 000001d1ec14d600] silence_start: 1620.340312"
554,end,1621.06,0.72,"[silencedetect @ 000001d1ec14d600] silence_end: 1621.06025 | silence_duration: 0.719938"
555,start,1624.491,,"[silencedetect @ 000001d1ec14d600] silence_start: 1624.49075"
556,end,1626.502,2.011,"[silencedetect @ 000001d1ec14d600] silence_end: 1626.501875 | silence_duration: 2.011125"
557,start,1632.642,,"[silencedetect @ 000001d1ec14d600] silence_start: 1632.641687"
558,end,1634.761,2.12,"[silencedetect @ 000001d1ec14d600] silence_end: 1634.761188 | silence_duration: 2.1195"
559,start,1640.118,,"[silencedetect @ 000001d1ec14d600] silence_start: 1640.118062"
560,end,1642.205,2.087,"[silencedetect @ 000001d1ec14d600] silence_end: 1642.204563 | silence_duration: 2.0865"
561,start,1647.723,,"[silencedetect @ 000001d1ec14d600] silence_start: 1647.72275"
562,end,1649.779,2.057,"[silencedetect @ 000001d1ec14d600] silence_end: 1649.77925 | silence_duration: 2.0565"
563,start,1654.636,,"[silencedetect @ 000001d1ec14d600] silence_start: 1654.635625"
564,end,1656.385,1.749,"[silencedetect @ 000001d1ec14d600] silence_end: 1656.38475 | silence_duration: 1.749125"
565,start,1660.105,,"[silencedetect @ 000001d1ec14d600] silence_start: 1660.105"
566,end,1661.923,1.818,"[silencedetect @ 000001d1ec14d600] silence_end: 1661.923063 | silence_duration: 1.818063"
567,start,1665.277,,"[silencedetect @ 000001d1ec14d600] silence_start: 1665.27675"
568,end,1666.003,0.726,"[silencedetect @ 000001d1ec14d600] silence_end: 1666.003187 | silence_duration: 0.726438"
569,start,1667.97,,"[silencedetect @ 000001d1ec14d600] silence_start: 1667.970188"
570,end,1668.759,0.788,"[silencedetect @ 000001d1ec14d600] silence_end: 1668.758562 | silence_duration: 0.788375"
571,start,1674.266,,"[silencedetect @ 000001d1ec14d600] silence_start: 1674.265688"
572,end,1676.033,1.768,"[silencedetect @ 000001d1ec14d600] silence_end: 1676.033312 | silence_duration: 1.767625"
573,start,1682.5,,"[silencedetect @ 000001d1ec14d600] silence_start: 1682.500063"
574,end,1684.29,1.79,"[silencedetect @ 000001d1ec14d600] silence_end: 1684.290125 | silence_duration: 1.790063"
575,start,1689.386,,"[silencedetect @ 000001d1ec14d600] silence_start: 1689.385937"
576,end,1691.145,1.759,"[silencedetect @ 000001d1ec14d600] silence_end: 1691.14525 | silence_duration: 1.759313"
577,start,1694.165,,"[silencedetect @ 000001d1ec14d600] silence_start: 1694.1645"
578,end,1694.949,0.785,"[silencedetect @ 000001d1ec14d600] silence_end: 1694.949 | silence_duration: 0.7845"
579,start,1698.081,,"[silencedetect @ 000001d1ec14d600] silence_start: 1698.081312"
580,end,1699.806,1.725,"[silencedetect @ 000001d1ec14d600] silence_end: 1699.806438 | silence_duration: 1.725125"
581,start,1701.911,,"[silencedetect @ 000001d1ec14d600] silence_start: 1701.910625"
582,end,1702.723,0.813,"[silencedetect @ 000001d1ec14d600] silence_end: 1702.723375 | silence_duration: 0.81275"
583,start,1706.461,,"[silencedetect @ 000001d1ec14d600] silence_start: 1706.461"
584,end,1707.237,0.776,"[silencedetect @ 000001d1ec14d600] silence_end: 1707.2365 | silence_duration: 0.7755"
585,start,1708.85,,"[silencedetect @ 000001d1ec14d600] silence_start: 1708.850063"
586,end,1710.647,1.797,"[silencedetect @ 000001d1ec14d600] silence_end: 1710.646625 | silence_duration: 1.796563"
587,start,1716.496,,"[silencedetect @ 000001d1ec14d600] silence_start: 1716.495688"
588,end,1718.261,1.765,"[silencedetect @ 000001d1ec14d600] silence_end: 1718.26075 | silence_duration: 1.765062"
589,start,1723.927,,"[silencedetect @ 000001d1ec14d600] silence_start: 1723.926688"
590,end,1725.785,1.858,"[silencedetect @ 000001d1ec14d600] silence_end: 1725.784688 | silence_duration: 1.858"
591,start,1727.77,,"[silencedetect @ 000001d1ec14d600] silence_start: 1727.770062"
592,end,1728.541,0.771,"[silencedetect @ 000001d1ec14d600] silence_end: 1728.540625 | silence_duration: 0.770563"
593,start,1732.498,,"[silencedetect @ 000001d1ec14d600] silence_start: 1732.49775"
594,end,1734.28,1.782,"[silencedetect @ 000001d1ec14d600] silence_end: 1734.280062 | silence_duration: 1.782312"
595,start,1740.264,,"[silencedetect @ 000001d1ec14d600] silence_start: 1740.264437"
596,end,1741.99,1.726,"[silencedetect @ 000001d1ec14d600] silence_end: 1741.99025 | silence_duration: 1.725812"
597,start,1746.608,,"[silencedetect @ 000001d1ec14d600] silence_start: 1746.608062"
598,end,1747.376,0.768,"[silencedetect @ 000001d1ec14d600] silence_end: 1747.376062 | silence_duration: 0.768"
599,start,1751.26,,"[silencedetect @ 000001d1ec14d600] silence_start: 1751.26"
600,end,1753.016,1.756,"[silencedetect @ 000001d1ec14d600] silence_end: 1753.016437 | silence_duration: 1.756438"
601,start,1755.516,,"[silencedetect @ 000001d1ec14d600] silence_start: 1755.516125"
602,end,1757.459,1.943,"[silencedetect @ 000001d1ec14d600] silence_end: 1757.459313 | silence_duration: 1.943188"
603,start,1767.004,,"[silencedetect @ 000001d1ec14d600] silence_start: 1767.003813"
604,end,1768.773,1.769,"[silencedetect @ 000001d1ec14d600] silence_end: 1768.77275 | silence_duration: 1.768938"
605,start,1774.498,,"[silencedetect @ 000001d1ec14d600] silence_start: 1774.497562"
606,end,1776.281,1.783,"[silencedetect @ 000001d1ec14d600] silence_end: 1776.28075 | silence_duration: 1.783188"
607,start,1781.274,,"[silencedetect @ 000001d1ec14d600] silence_start: 1781.274125"
608,end,1782.035,0.761,"[silencedetect @ 000001d1ec14d600] silence_end: 1782.035 | silence_duration: 0.760875"
609,start,1784.163,,"[silencedetect @ 000001d1ec14d600] silence_start: 1784.163188"
610,end,1785.936,1.773,"[silencedetect @ 000001d1ec14d600] silence_end: 1785.936438 | silence_duration: 1.77325"
611,start,1790.388,,"[silencedetect @ 000001d1ec14d600] silence_start: 1790.387688"
612,end,1791.135,0.748,"[silencedetect @ 000001d1ec14d600] silence_end: 1791.13525 | silence_duration: 0.747563"
613,start,1793.567,,"[silencedetect @ 000001d1ec14d600] silence_start: 1793.566875"
614,end,1795.337,1.77,"[silencedetect @ 000001d1ec14d600] silence_end: 1795.336875 | silence_duration: 1.77"
615,start,1799.033,,"[silencedetect @ 000001d1ec14d600] silence_start: 1799.03275"
616,end,1800.759,1.726,"[silencedetect @ 000001d1ec14d600] silence_end: 1800.758938 | silence_duration: 1.726187"
617,start,1808.228,,"[silencedetect @ 000001d1ec14d600] silence_start: 1808.228"
618,end,1809.979,1.751,"[silencedetect @ 000001d1ec14d600] silence_end: 1809.978938 | silence_duration: 1.750938"
619,start,1817.648,,"[silencedetect @ 000001d1ec14d600] silence_start: 1817.648125"
620,end,1819.499,1.851,"[silencedetect @ 000001d1ec14d600] silence_end: 1819.499375 | silence_duration: 1.85125"
621,start,1823.705,,"[silencedetect @ 000001d1ec14d600] silence_start: 1823.704688"
622,end,1824.493,0.789,"[silencedetect @ 000001d1ec14d600] silence_end: 1824.493313 | silence_duration: 0.788625"
623,start,1829.212,,"[silencedetect @ 000001d1ec14d600] silence_start: 1829.212063"
624,end,1830.957,1.745,"[silencedetect @ 000001d1ec14d600] silence_end: 1830.957125 | silence_duration: 1.745062"
625,start,1834.047,,"[silencedetect @ 000001d1ec14d600] silence_start: 1834.047375"
626,end,1834.652,0.604,"[silencedetect @ 000001d1ec14d600] silence_end: 1834.651625 | silence_duration: 0.60425"
627,start,1837.685,,"[silencedetect @ 000001d1ec14d600] silence_start: 1837.685125"
628,end,1839.45,1.765,"[silencedetect @ 000001d1ec14d600] silence_end: 1839.450438 | silence_duration: 1.765313"
629,start,1845.349,,"[silencedetect @ 000001d1ec14d600] silence_start: 1845.349"
630,end,1846.048,0.699,"[silencedetect @ 000001d1ec14d600] silence_end: 1846.048063 | silence_duration: 0.699063"
631,start,1849.104,,"[silencedetect @ 000001d1ec14d600] silence_start: 1849.104063"
632,end,1850.876,1.772,"[silencedetect @ 000001d1ec14d600] silence_end: 1850.87625 | silence_duration: 1.772188"
633,start,1860.691,,"[silencedetect @ 000001d1ec14d600] silence_start: 1860.690938"
634,end,1862.505,1.814,"[silencedetect @ 000001d1ec14d600] silence_end: 1862.505125 | silence_duration: 1.814188"
635,start,1872.75,,"[silencedetect @ 000001d1ec14d600] silence_start: 1872.750438"
636,end,1874.821,2.07,"[silencedetect @ 000001d1ec14d600] silence_end: 1874.820625 | silence_duration: 2.070187"
637,start,1881.556,,"[silencedetect @ 000001d1ec14d600] silence_start: 1881.55625"
638,end,1882.369,0.812,"[silencedetect @ 000001d1ec14d600] silence_end: 1882.368563 | silence_duration: 0.812312"
639,start,1884.91,,"[silencedetect @ 000001d1ec14d600] silence_start: 1884.909938"
640,end,1886.699,1.789,"[silencedetect @ 000001d1ec14d600] silence_end: 1886.698562 | silence_duration: 1.788625"
641,start,1895.437,,"[silencedetect @ 000001d1ec14d600] silence_start: 1895.43725"
642,end,1896.191,0.754,"[silencedetect @ 000001d1ec14d600] silence_end: 1896.19125 | silence_duration: 0.754"
643,start,1896.778,,"[silencedetect @ 000001d1ec14d600] silence_start: 1896.77825"
644,end,1898.424,1.646,"[silencedetect @ 000001d1ec14d600] silence_end: 1898.424 | silence_duration: 1.64575"